file_name,category

resume_john_smith.pdf,Work
meeting_minutes_march.txt,Work
Q1_financials.xlsx,Work
project_plan_final.docx,Work
client_invoice_2024.pdf,Work
budget_overview.xlsx,Work
team_goals_2023.txt,Work
proposal_draft_v2.docx,Work

assignment1_physics.docx,School
lab_report_chemistry.pdf,School
essay_history_ww2.docx,School
midterm_study_guide.txt,School
homework_math_week5.docx,School
biology_notes_ch3.pdf,School
class_schedule_fall2024.xlsx,School
final_project_cs.docx,School

IMG_20230814.jpg,Pictures
vacation_italy_2023.jpg,Pictures
beach_sunset.png,Pictures
birthday_party_video.mp4,Pictures
photo_dog_park.png,Pictures
screenshot_2024-01-10.png,Pictures
family_reunion.jpeg,Pictures
18823930511625482585gol1.jpg,School
6c423286e877921fb6659122b16e1845df833e1f_league-of-legends-hero-splash.webp,School
basic-compass-rose-cover-.jpg,School
Beach_sunset.png,School
Biscuit.png,School
c6fbdf085ca0e5545679cde8577a16db2e9ea888.webp,School
chaos-boon.jpg,School
Character_Front.png,School
CompassRose_Rr_02.jpg819005a2-5c8b-4a82-b635-15a9168e34f4Large.jpg,School
Crypto 101.png,School
Cyber Security Thing.png,School
"Cyber-Sec,6.png",School
Cyber-Sec-5.png,School
Cyber-Sec-6.png,School
CYBER-SEC-7.png,School
CyberSec(XSS)2.png,School
"CyberSec,6.png",School
CyberSec-6.png,School
ester-zejn-twdnd-chara-designs.webp,School
G2VQ2CL9j4w6Jv5z3QwjuN.jpg,School
HashingHashes.png,School
il_fullxfull.4564853043_axxd (1).webp,School
Image11.png,School
IMG-2722 (2)_LI.jpg,School
IMG-2723 (2)_LI.jpg,School
IMG-2723.jpg,School
IMG-2724.jpg,School
IMG-2726.jpg,School
IMG-2726_LI.jpg,School
IMG-2728.jpg,School
IMG-2728_LI.jpg,School
IMG-2730_LI.jpg,School
IMG-2731 - Copy_LI.jpg,School
IMG-2731.jpg,School
IMG-2733.jpg,School
IMG-2735.jpg,School
IMG-2735_LI.jpg,School
IMG-2736.jpg,School
IMG-2736_LI.jpg,School
IMG-2737.jpg,School
IMG-2738.jpg,School
IMG_2654.jpg,School
index.jpg,School
league-of-legends.jpg,School
Life.png,School
Life.xcf,School
maxresdefault.jpg,School
Module_7(cyber_secHW).png,School
New VM ScreenShot.png,School
No Noise.png,School
Ping!.png,School
recentCrypto.png,School
rimworld.0.jpg,School
Rock_2.png,School
Screenshot (1).png,School
Screenshot (10).png,School
Screenshot (11).png,School
Screenshot (12).png,School
Screenshot (13).png,School
Screenshot (14).png,School
Screenshot (15).png,School
Screenshot (16).png,School
Screenshot (17).png,School
Screenshot (18).png,School
Screenshot (19).png,School
Screenshot (2).png,School
Screenshot (20).png,School
Screenshot (21).png,School
Screenshot (22).png,School
Screenshot (23).png,School
Screenshot (24).png,School
Screenshot (25).png,School
Screenshot (28).png,School
Screenshot (3).png,School
Screenshot (30).png,School
Screenshot (31).png,School
Screenshot (32).png,School
Screenshot (33).png,School
Screenshot (34).png,School
Screenshot (35).png,School
Screenshot (36).png,School
Screenshot (37).png,School
Screenshot (38).png,School
Screenshot (39).png,School
Screenshot (4).png,School
Screenshot (40).png,School
Screenshot (41).png,School
Screenshot (42).png,School
Screenshot (43).png,School
Screenshot (44).png,School
Screenshot (46).png,School
Screenshot (47).png,School
Screenshot (48).png,School
Screenshot (49).png,School
Screenshot (5).png,School
Screenshot (50).png,School
Screenshot (51).png,School
Screenshot (52).png,School
Screenshot (53).png,School
Screenshot (54).png,School
Screenshot (55).png,School
Screenshot (56).png,School
Screenshot (57).png,School
Screenshot (58).png,School
Screenshot (59).png,School
Screenshot (6).png,School
Screenshot (60).png,School
Screenshot (61).png,School
Screenshot (62).png,School
Screenshot (63).png,School
Screenshot (64).png,School
Screenshot (65).png,School
Screenshot (66).png,School
Screenshot (67).png,School
Screenshot (68).png,School
Screenshot (69).png,School
Screenshot (7).png,School
Screenshot (70).png,School
Screenshot (71).png,School
Screenshot (72).png,School
Screenshot (73).png,School
Screenshot (74).png,School
Screenshot (75).png,School
Screenshot (8).png,School
Screenshot (9).png,School
Screenshot 2021-09-27 231852.png,School
Screenshot 2021-10-26 131002.png,School
Screenshot 2021-10-26 131056.png,School
Screenshot 2023-04-22 114543.png,School
Screenshot 2023-05-21 183944.png,School
Screenshot 2023-08-22 121043.png,School
Screenshot 2023-08-29 124532.png,School
Screenshot 2023-08-29 125117.png,School
Screenshot 2023-08-29 141202.png,School
Screenshot 2023-08-29 141322.png,School
Screenshot 2023-08-31 122757.png,School
Screenshot 2023-09-05 122955.png,School
Screenshot 2023-09-05 123021.png,School
Screenshot 2023-09-05 124013.png,School
Screenshot 2023-09-07 125131.png,School
Screenshot 2023-09-21 123332.png,School
Screenshot 2023-09-21 123425.png,School
Screenshot 2023-09-29 190337.png,School
Screenshot 2023-10-03 105405.png,School
Screenshot 2023-10-03 105905.png,School
Screenshot 2023-10-03 110206.png,School
Screenshot 2023-10-05 120801.png,School
Screenshot 2023-10-05 122459.png,School
Screenshot 2023-10-05 122656.png,School
Screenshot 2023-10-05 123224.png,School
Screenshot 2023-10-05 123304.png,School
Screenshot 2023-10-05 123515.png,School
Screenshot 2023-10-05 123727.png,School
Screenshot 2023-10-05 124223.png,School
Screenshot 2023-10-24 125323.png,School
Screenshot 2023-10-24 125510.png,School
Screenshot 2023-10-31 121853.png,School
Screenshot 2023-11-02 123344.png,School
Screenshot 2023-11-10 235127.png,School
Screenshot 2023-11-10 235137.png,School
Screenshot 2023-11-10 235148.png,School
Screenshot 2023-11-16 122356.png,School
Screenshot 2023-12-04 171055.png,School
Screenshot 2024-02-02 112618.png,School
Screenshot 2024-02-07 172637.png,School
Screenshot 2024-02-12 194518.png,School
Screenshot 2024-02-12 194609.png,School
Screenshot 2024-02-12 194635.png,School
Screenshot 2024-02-12 195048.png,School
Screenshot 2024-02-13 221929.png,School
Screenshot 2024-02-13 225756.png,School
Screenshot 2024-02-20 201510.png,School
Screenshot 2024-02-20 214317.png,School
Screenshot 2024-04-10 110850.png,School
Screenshot 2024-04-10 110910.png,School
Screenshot 2024-04-10 172026.png,School
Screenshot 2024-04-17 154135.png,School
Screenshot 2024-04-17 154147.png,School
Screenshot 2024-04-19 131416.png,School
Screenshot 2024-04-30 214031.png,School
Screenshot 2024-04-30 214253.png,School
Screenshot 2024-05-07 033003.png,School
Screenshot 2024-05-07 083338.png,School
Screenshot 2024-05-14 134239.png,School
Screenshot 2024-05-14 134556.png,School
Screenshot 2024-08-29 142447.png,School
Screenshot 2024-08-29 145833.png,School
Screenshot 2024-08-30 144308.png,School
Screenshot 2024-08-30 144652.png,School
Screenshot 2024-09-13 125624.png,School
Screenshot 2024-09-13 125901.png,School
Screenshot 2024-09-13 125950.png,School
Screenshot 2024-09-13 204037.png,School
Screenshot 2024-09-13 204225.png,School
Screenshot 2024-09-13 204235.png,School
Screenshot 2024-09-18 170019.png,School
Screenshot 2024-09-18 170700.png,School
Screenshot 2024-09-20 203904.png,School
Screenshot 2024-09-20 233503.png,School
Screenshot 2024-09-20 235022.png,School
Screenshot 2024-09-26 141200.png,School
Screenshot 2024-09-27 150904.png,School
Screenshot 2024-09-27 152525.png,School
Screenshot 2024-09-27 152531.png,School
Screenshot 2024-09-27 152547.png,School
Screenshot 2024-09-27 152706.png,School
Screenshot 2024-09-27 152743.png,School
Screenshot 2024-09-27 152829.png,School
Screenshot 2024-09-27 183720.png,School
Screenshot 2024-09-27 183738.png,School
Screenshot 2024-09-27 183954.png,School
Screenshot 2024-09-27 212711.png,School
Screenshot 2024-09-27 212758.png,School
Screenshot 2024-09-27 213430.png,School
Screenshot 2024-09-27 213511.png,School
Screenshot 2024-10-03 235259.png,School
Screenshot 2024-10-04 225654.png,School
Screenshot 2024-10-04 225704.png,School
Screenshot 2024-10-04 225715.png,School
Screenshot 2024-10-04 225803.png,School
Screenshot 2024-10-04 225821.png,School
Screenshot 2024-10-04 230203.png,School
Screenshot 2024-10-04 234311.png,School
Screenshot 2024-10-10 205033.png,School
Screenshot 2024-10-10 205610.png,School
Screenshot 2024-10-10 205658.png,School
Screenshot 2024-10-10 211247.png,School
Screenshot 2024-10-11 194726.png,School
Screenshot 2024-10-11 195124.png,School
Screenshot 2024-10-11 200359.png,School
Screenshot 2024-10-11 200612.png,School
Screenshot 2024-10-11 203142.png,School
Screenshot 2024-10-11 204907.png,School
Screenshot 2024-10-11 204934.png,School
Screenshot 2024-10-11 204959.png,School
Screenshot 2024-10-11 205021.png,School
Screenshot 2024-10-11 205040.png,School
Screenshot 2024-10-11 205059.png,School
Screenshot 2024-10-18 204209.png,School
Screenshot 2024-10-18 204411.png,School
Screenshot 2024-10-25 210539.png,School
Screenshot 2024-10-25 210626.png,School
Screenshot 2024-10-25 210916.png,School
Screenshot 2024-10-31 223547.png,School
Screenshot 2024-10-31 223639.png,School
Screenshot 2024-11-01 231200.png,School
Screenshot 2024-11-01 231523.png,School
Screenshot 2024-11-06 173836.png,School
Screenshot 2024-11-06 173935.png,School
Screenshot 2024-11-06 174040.png,School
Screenshot 2024-11-07 224002.png,School
Screenshot 2024-11-07 224021.png,School
Screenshot 2024-11-07 224117.png,School
Screenshot 2024-11-07 224745.png,School
Screenshot 2024-11-07 224845.png,School
Screenshot 2024-11-07 225006.png,School
Screenshot 2024-11-07 225121.png,School
Screenshot 2024-11-07 225217.png,School
Screenshot 2024-11-07 225649.png,School
Screenshot 2024-11-07 225700.png,School
Screenshot 2024-11-07 225756.png,School
Screenshot 2024-11-07 230059.png,School
Screenshot 2024-11-07 230158.png,School
Screenshot 2024-11-07 234830.png,School
Screenshot 2024-11-07 234931.png,School
Screenshot 2024-11-08 113848.png,School
Screenshot 2024-11-08 113935.png,School
Screenshot 2024-11-08 113949.png,School
Screenshot 2024-11-08 114052.png,School
Screenshot 2024-11-08 114104.png,School
Screenshot 2024-11-08 114147.png,School
Screenshot 2024-11-08 114251.png,School
Screenshot 2024-11-08 114302.png,School
Screenshot 2024-11-08 114419.png,School
Screenshot 2024-11-08 165006.png,School
Screenshot 2024-11-08 165132.png,School
Screenshot 2024-11-08 165145.png,School
Screenshot 2024-11-08 230135.png,School
Screenshot 2024-11-08 235812.png,School
Screenshot 2024-11-09 004327.png,School
Screenshot 2024-11-15 180008.png,School
Screenshot 2024-11-15 180353.png,School
Screenshot 2024-11-15 180544.png,School
Screenshot 2024-11-15 180600.png,School
Screenshot 2024-11-15 180615.png,School
Screenshot 2024-11-16 124551.png,School
Screenshot 2024-11-16 124809.png,School
Screenshot 2024-11-17 115653.png,School
Screenshot 2024-11-17 151700.png,School
Screenshot 2024-11-17 151738.png,School
Screenshot 2024-11-17 152513.png,School
Screenshot 2024-11-17 153526.png,School
Screenshot 2024-11-17 160532.png,School
Screenshot 2024-11-17 171822.png,School
Screenshot 2024-11-17 171844.png,School
Screenshot 2024-11-22 225358.png,School
Screenshot 2024-11-22 230133.png,School
Screenshot 2024-11-22 231228.png,School
Screenshot 2024-11-22 232603.png,School
Screenshot 2024-11-22 233531.png,School
Screenshot 2024-11-24 200116.png,School
Screenshot 2024-11-24 200141.png,School
Screenshot 2024-11-24 200211.png,School
Screenshot 2024-11-24 200910.png,School
Screenshot 2024-11-24 201025.png,School
Screenshot 2024-11-24 201335.png,School
Screenshot 2024-11-24 201347.png,School
Screenshot 2024-12-02 195537.png,School
Screenshot 2024-12-02 195545.png,School
Screenshot 2024-12-02 195556.png,School
Screenshot 2024-12-06 130124.png,School
Screenshot 2024-12-06 130216.png,School
Screenshot 2024-12-06 134134.png,School
Screenshot 2024-12-06 134403.png,School
Screenshot 2024-12-06 134427.png,School
Screenshot 2024-12-06 134544.png,School
Screenshot 2024-12-06 140305.png,School
Screenshot 2024-12-06 140455.png,School
Screenshot 2024-12-22 175350.png,School
Screenshot 2024-12-29 144337.png,School
Screenshot 2024-12-30 111239.png,School
Screenshot 2025-01-06 201830.png,School
Screenshot 2025-01-06 204635.png,School
Screenshot 2025-01-07 120248.png,School
Screenshot 2025-01-07 122328.png,School
Screenshot 2025-01-07 122410.png,School
Screenshot 2025-01-07 122429.png,School
Screenshot 2025-01-07 125526.png,School
Screenshot 2025-01-07 125553.png,School
Screenshot 2025-01-07 125614.png,School
Screenshot 2025-01-07 125637.png,School
Screenshot 2025-01-07 170111.png,School
Screenshot 2025-01-07 170135.png,School
Screenshot 2025-01-07 170144.png,School
Screenshot 2025-01-11 123532.png,School
Screenshot 2025-01-11 123559.png,School
Screenshot 2025-02-02 132509.png,School
Screenshot 2025-02-04 180639.png,School
Screenshot 2025-02-07 202451.png,School
Screenshot 2025-02-07 202522.png,School
Screenshot 2025-02-08 184027.png,School
Screenshot 2025-02-08 184216.png,School
Screenshot 2025-02-09 153005.png,School
Screenshot 2025-02-09 153053.png,School
Screenshot 2025-02-09 153059.png,School
Screenshot 2025-02-09 153253.png,School
Screenshot 2025-02-09 153301.png,School
Screenshot 2025-02-19 102315.png,School
Screenshot 2025-02-20 170133.png,School
Screenshot 2025-03-01 170621.png,School
Screenshot 2025-03-01 170630.png,School
Screenshot 2025-03-01 183939.png,School
Screenshot 2025-03-01 183945.png,School
Screenshot 2025-03-01 183952.png,School
Screenshot 2025-03-01 184127.png,School
Screenshot 2025-03-01 184358.png,School
Screenshot 2025-03-01 190131.png,School
Screenshot 2025-03-01 190202.png,School
Screenshot 2025-03-02 224002.png,School
Screenshot 2025-03-02 224015.png,School
Screenshot 2025-03-02 224038.png,School
Screenshot 2025-03-02 224058.png,School
Screenshot 2025-03-02 224119.png,School
Screenshot 2025-03-03 160515.png,School
Screenshot 2025-03-03 160537.png,School
Screenshot 2025-03-03 160602.png,School
Screenshot 2025-03-03 163703.png,School
Screenshot 2025-03-05 113914.png,School
Screenshot 2025-03-05 194122.png,School
Screenshot 2025-03-05 195258.png,School
Screenshot 2025-03-05 212111.png,School
Screenshot 2025-03-05 212153.png,School
Screenshot 2025-03-13 204008.png,School
Screenshot 2025-03-16 205432.png,School
Screenshot 2025-03-16 210849.png,School
Screenshot 2025-03-16 210915.png,School
Screenshot 2025-03-16 210940.png,School
Screenshot 2025-03-16 211812.png,School
Screenshot 2025-03-16 211902.png,School
Screenshot 2025-03-16 212613.png,School
Screenshot 2025-03-16 220108.png,School
Screenshot 2025-03-18 125317.png,School
Screenshot 2025-03-24 181021.png,School
Screenshot 2025-03-24 181054.png,School
Screenshot 2025-03-24 181117.png,School
Screenshot 2025-03-24 181135.png,School
Screenshot 2025-03-25 012348.png,School
Screenshot 2025-03-25 012405.png,School
Screenshot 2025-03-25 012419.png,School
Screenshot 2025-03-25 012448.png,School
Screenshot 2025-03-25 012459.png,School
Screenshot 2025-03-25 012547.png,School
Screenshot 2025-03-25 012607.png,School
Screenshot 2025-03-25 160102.png,School
Screenshot 2025-03-25 160123.png,School
Screenshot 2025-03-25 160143.png,School
Screenshot 2025-03-25 160154.png,School
Screenshot 2025-03-25 160202.png,School
Screenshot 2025-03-25 160220.png,School
Screenshot 2025-03-25 160404.png,School
Screenshot 2025-03-25 162219.png,School
Screenshot 2025-03-25 162515.png,School
Screenshot 2025-03-25 162541.png,School
Screenshot 2025-03-25 162552.png,School
Screenshot 2025-03-25 162628.png,School
Screenshot 2025-05-11 144124.png,School
Screenshot 2025-05-11 144315.png,School
Screenshot 2025-05-11 144415.png,School
Screenshot 2025-05-14 233359.png,School
Screenshot 2025-05-14 233434.png,School
Screenshot 2025-05-16 135007.png,School
Screenshot 2025-05-28 151845.png,School
Screenshot 2025-05-28 152527.png,School
Screenshot 2025-05-28 154808.png,School
Screenshot 2025-06-03 150333.png,School
Screenshot 2025-06-03 150718.png,School
Screenshot 2025-06-03 161912.png,School
Screenshot 2025-06-09 205627.png,School
Screenshot 2025-06-09 213420.png,School
Screenshot 2025-06-13 135946.png,School
Screenshot 2025-06-17 153824.png,School
Screenshot 2025-06-17 153905.png,School
Screenshot 2025-06-17 153915.png,School
Screenshot 2025-06-17 153933.png,School
Screenshot 2025-06-20 214806.png,School
Screenshot 2025-06-20 215131.png,School
Screenshot 2025-06-20 215215.png,School
Screenshot 2025-06-20 215309.png,School
Screenshot 2025-06-20 215344.png,School
Screenshot 2025-06-20 220228.png,School
Screenshot 2025-06-20 220258.png,School
Screenshot 2025-06-20 220318.png,School
Screenshot 2025-06-20 220333.png,School
Screenshot 2025-06-20 220340.png,School
Screenshot 2025-06-20 220835.png,School
Screenshot 2025-06-20 220848.png,School
Screenshot 2025-06-21 002557.png,School
Screenshot 2025-06-21 002602.png,School
Screenshot 2025-06-21 002611.png,School
Screenshot 2025-06-21 002642.png,School
steamuserimages-a.akamaihd.net.jpg,School
TryHackMeCommon.png,School
UA-Feature.png,School
VAL-Ranked-changes.png,School
ZCjkDXuc.html,School
.png,School
